workload,level,ready_ops,evidence
rdt,0,5,recovered_from_ir
rdt,1,2,recovered_from_ir
rdt,2,1,recovered_from_ir
rdt,3,1,recovered_from_ir
rdt,4,1,recovered_from_ir
rdt,5,1,recovered_from_ir
rdt,6,1,recovered_from_ir
rdt,7,1,recovered_from_ir
rdt,8,1,recovered_from_ir
rdt,9,1,recovered_from_ir
rdt,10,1,recovered_from_ir
rdt,11,1,recovered_from_ir
rdt,12,1,recovered_from_ir
rdt,13,1,recovered_from_ir
rdt,14,1,recovered_from_ir
rdt,15,1,recovered_from_ir
openvla,0,6,recovered_from_ir
openvla,1,2,recovered_from_ir
openvla,2,4,recovered_from_ir
openvla,3,2,recovered_from_ir
openvla,4,6,recovered_from_ir
openvla,5,2,recovered_from_ir
openvla,6,4,recovered_from_ir
openvla,7,2,recovered_from_ir
openvla,8,2,recovered_from_ir
tiny_llama,0,6,recovered_from_ir
tiny_llama,1,2,recovered_from_ir
tiny_llama,2,4,recovered_from_ir
tiny_llama,3,2,recovered_from_ir
tiny_llama,4,6,recovered_from_ir
tiny_llama,5,2,recovered_from_ir
tiny_llama,6,4,recovered_from_ir
tiny_llama,7,2,recovered_from_ir
tiny_llama,8,2,recovered_from_ir
rdt2,0,2,recovered_from_ir
rdt2,1,2,recovered_from_ir
rdt2,2,4,recovered_from_ir
rdt2,3,2,recovered_from_ir
rdt2,4,1,recovered_from_ir
rdt2,5,1,recovered_from_ir
rdt2,6,1,recovered_from_ir
rdt2,7,2,recovered_from_ir
rdt2,8,1,recovered_from_ir
rdt2,9,2,recovered_from_ir
rdt2,10,1,recovered_from_ir
rdt2,11,1,recovered_from_ir
rdt2,12,1,recovered_from_ir
rdt2,13,2,recovered_from_ir
rdt2,14,1,recovered_from_ir
rdt2,15,1,recovered_from_ir
rdt2,16,1,recovered_from_ir
groot_n1d7,0,17,recovered_from_ir
groot_n1d7,1,1,recovered_from_ir
groot_n1d7,2,17,recovered_from_ir
groot_n1d7,3,1,recovered_from_ir
groot_n1d7,4,1,recovered_from_ir
groot_n1d7,5,1,recovered_from_ir
groot_n1d7,6,1,recovered_from_ir
groot_n1d7,7,3,recovered_from_ir
groot_n1d7,8,1,recovered_from_ir
groot_n1d7,9,1,recovered_from_ir
groot_n1d7,10,1,recovered_from_ir
groot_n1d7,11,1,recovered_from_ir
groot_n1d7,12,1,recovered_from_ir
groot_n1d7,13,1,recovered_from_ir
groot_n1d7,14,1,recovered_from_ir
groot_n1d7,15,3,recovered_from_ir
groot_n1d7,16,1,recovered_from_ir
groot_n1d7,17,1,recovered_from_ir
groot_n1d7,18,1,recovered_from_ir
groot_n1d7,19,1,recovered_from_ir
groot_n1d7,20,1,recovered_from_ir
groot_n1d7,21,1,recovered_from_ir
groot_n1d7,22,1,recovered_from_ir
groot_n1d7,23,3,recovered_from_ir
groot_n1d7,24,1,recovered_from_ir
groot_n1d7,25,1,recovered_from_ir
groot_n1d7,26,1,recovered_from_ir
groot_n1d7,27,1,recovered_from_ir
groot_n1d7,28,1,recovered_from_ir
groot_n1d7,29,1,recovered_from_ir
groot_n1d7,30,1,recovered_from_ir
groot_n1d7,31,3,recovered_from_ir
groot_n1d7,32,1,recovered_from_ir
groot_n1d7,33,1,recovered_from_ir
groot_n1d7,34,1,recovered_from_ir
groot_n1d7,35,1,recovered_from_ir
groot_n1d7,36,1,recovered_from_ir
groot_n1d7,37,1,recovered_from_ir
groot_n1d7,38,1,recovered_from_ir
groot_n1d7,39,3,recovered_from_ir
groot_n1d7,40,1,recovered_from_ir
groot_n1d7,41,1,recovered_from_ir
groot_n1d7,42,1,recovered_from_ir
groot_n1d7,43,1,recovered_from_ir
groot_n1d7,44,1,recovered_from_ir
groot_n1d7,45,1,recovered_from_ir
groot_n1d7,46,1,recovered_from_ir
groot_n1d7,47,3,recovered_from_ir
groot_n1d7,48,1,recovered_from_ir
groot_n1d7,49,1,recovered_from_ir
groot_n1d7,50,1,recovered_from_ir
groot_n1d7,51,1,recovered_from_ir
groot_n1d7,52,1,recovered_from_ir
groot_n1d7,53,1,recovered_from_ir
groot_n1d7,54,1,recovered_from_ir
groot_n1d7,55,3,recovered_from_ir
groot_n1d7,56,1,recovered_from_ir
groot_n1d7,57,1,recovered_from_ir
groot_n1d7,58,1,recovered_from_ir
groot_n1d7,59,1,recovered_from_ir
groot_n1d7,60,1,recovered_from_ir
groot_n1d7,61,1,recovered_from_ir
groot_n1d7,62,1,recovered_from_ir
groot_n1d7,63,3,recovered_from_ir
groot_n1d7,64,1,recovered_from_ir
groot_n1d7,65,1,recovered_from_ir
groot_n1d7,66,1,recovered_from_ir
groot_n1d7,67,1,recovered_from_ir
molmoact,0,2,recovered_from_ir
molmoact,1,2,recovered_from_ir
molmoact,2,2,recovered_from_ir
molmoact,3,2,recovered_from_ir
molmoact,4,2,recovered_from_ir
molmoact,5,2,recovered_from_ir
molmoact,6,2,recovered_from_ir
molmoact,7,2,recovered_from_ir
molmoact,8,2,recovered_from_ir
molmoact,9,2,recovered_from_ir
molmoact,10,2,recovered_from_ir
molmoact,11,2,recovered_from_ir
molmoact,12,2,recovered_from_ir
molmoact,13,2,recovered_from_ir
molmoact,14,2,recovered_from_ir
molmoact,15,2,recovered_from_ir
molmoact,16,2,recovered_from_ir
smolvla,0,13,recovered_from_ir
smolvla,1,2,recovered_from_ir
smolvla,2,2,recovered_from_ir
smolvla,3,4,recovered_from_ir
smolvla,4,3,recovered_from_ir
smolvla,5,1,recovered_from_ir
smolvla,6,1,recovered_from_ir
smolvla,7,1,recovered_from_ir
smolvla,8,3,recovered_from_ir
smolvla,9,1,recovered_from_ir
smolvla,10,1,recovered_from_ir
smolvla,11,1,recovered_from_ir
smolvla,12,3,recovered_from_ir
smolvla,13,1,recovered_from_ir
smolvla,14,1,recovered_from_ir
smolvla,15,1,recovered_from_ir
smolvla,16,3,recovered_from_ir
smolvla,17,1,recovered_from_ir
smolvla,18,1,recovered_from_ir
smolvla,19,1,recovered_from_ir
smolvla,20,3,recovered_from_ir
smolvla,21,1,recovered_from_ir
smolvla,22,1,recovered_from_ir
smolvla,23,1,recovered_from_ir
smolvla,24,3,recovered_from_ir
smolvla,25,1,recovered_from_ir
smolvla,26,1,recovered_from_ir
smolvla,27,1,recovered_from_ir
smolvla,28,3,recovered_from_ir
smolvla,29,1,recovered_from_ir
smolvla,30,1,recovered_from_ir
smolvla,31,1,recovered_from_ir
smolvla,32,3,recovered_from_ir
smolvla,33,1,recovered_from_ir
smolvla,34,1,recovered_from_ir
smolvla,35,1,recovered_from_ir
smolvla,36,3,recovered_from_ir
smolvla,37,1,recovered_from_ir
smolvla,38,1,recovered_from_ir
smolvla,39,1,recovered_from_ir
smolvla,40,3,recovered_from_ir
smolvla,41,1,recovered_from_ir
smolvla,42,1,recovered_from_ir
smolvla,43,1,recovered_from_ir
smolvla,44,3,recovered_from_ir
smolvla,45,1,recovered_from_ir
smolvla,46,1,recovered_from_ir
smolvla,47,1,recovered_from_ir
smolvla,48,1,recovered_from_ir
smolvla,49,3,recovered_from_ir
smolvla,50,2,recovered_from_ir
smolvla,51,4,recovered_from_ir
smolvla,52,2,recovered_from_ir
smolvla,53,4,recovered_from_ir
smolvla,54,2,recovered_from_ir
smolvla,55,3,recovered_from_ir
smolvla,56,3,recovered_from_ir
smolvla,57,4,recovered_from_ir
smolvla,58,4,recovered_from_ir
smolvla,59,3,recovered_from_ir
smolvla,60,3,recovered_from_ir
smolvla,61,4,recovered_from_ir
smolvla,62,3,recovered_from_ir
smolvla,63,3,recovered_from_ir
smolvla,64,3,recovered_from_ir
smolvla,65,4,recovered_from_ir
smolvla,66,4,recovered_from_ir
smolvla,67,3,recovered_from_ir
smolvla,68,3,recovered_from_ir
smolvla,69,4,recovered_from_ir
smolvla,70,3,recovered_from_ir
smolvla,71,3,recovered_from_ir
smolvla,72,3,recovered_from_ir
smolvla,73,4,recovered_from_ir
smolvla,74,4,recovered_from_ir
smolvla,75,3,recovered_from_ir
smolvla,76,3,recovered_from_ir
smolvla,77,4,recovered_from_ir
smolvla,78,3,recovered_from_ir
smolvla,79,3,recovered_from_ir
smolvla,80,3,recovered_from_ir
smolvla,81,4,recovered_from_ir
smolvla,82,4,recovered_from_ir
smolvla,83,3,recovered_from_ir
smolvla,84,3,recovered_from_ir
smolvla,85,4,recovered_from_ir
smolvla,86,3,recovered_from_ir
smolvla,87,3,recovered_from_ir
smolvla,88,3,recovered_from_ir
smolvla,89,4,recovered_from_ir
smolvla,90,4,recovered_from_ir
smolvla,91,3,recovered_from_ir
smolvla,92,3,recovered_from_ir
smolvla,93,4,recovered_from_ir
smolvla,94,3,recovered_from_ir
smolvla,95,3,recovered_from_ir
smolvla,96,3,recovered_from_ir
smolvla,97,4,recovered_from_ir
smolvla,98,4,recovered_from_ir
smolvla,99,3,recovered_from_ir
smolvla,100,3,recovered_from_ir
smolvla,101,4,recovered_from_ir
smolvla,102,3,recovered_from_ir
smolvla,103,3,recovered_from_ir
smolvla,104,3,recovered_from_ir
smolvla,105,4,recovered_from_ir
smolvla,106,4,recovered_from_ir
smolvla,107,3,recovered_from_ir
smolvla,108,3,recovered_from_ir
smolvla,109,4,recovered_from_ir
smolvla,110,3,recovered_from_ir
smolvla,111,3,recovered_from_ir
smolvla,112,3,recovered_from_ir
smolvla,113,1,recovered_from_ir
smolvla,114,1,recovered_from_ir
pi05,0,11,recovered_from_ir
pi05,1,4,recovered_from_ir
pi05,2,40,recovered_from_ir
pi05,3,6,recovered_from_ir
pi05,4,9,recovered_from_ir
pi05,5,3,recovered_from_ir
pi05,6,3,recovered_from_ir
pi05,7,3,recovered_from_ir
pi05,8,9,recovered_from_ir
pi05,9,3,recovered_from_ir
pi05,10,3,recovered_from_ir
pi05,11,3,recovered_from_ir
pi05,12,9,recovered_from_ir
pi05,13,3,recovered_from_ir
pi05,14,3,recovered_from_ir
pi05,15,3,recovered_from_ir
pi05,16,9,recovered_from_ir
pi05,17,3,recovered_from_ir
pi05,18,3,recovered_from_ir
pi05,19,3,recovered_from_ir
pi05,20,9,recovered_from_ir
pi05,21,3,recovered_from_ir
pi05,22,3,recovered_from_ir
pi05,23,3,recovered_from_ir
pi05,24,9,recovered_from_ir
pi05,25,3,recovered_from_ir
pi05,26,3,recovered_from_ir
pi05,27,3,recovered_from_ir
pi05,28,9,recovered_from_ir
pi05,29,3,recovered_from_ir
pi05,30,3,recovered_from_ir
pi05,31,3,recovered_from_ir
pi05,32,9,recovered_from_ir
pi05,33,3,recovered_from_ir
pi05,34,3,recovered_from_ir
pi05,35,3,recovered_from_ir
pi05,36,9,recovered_from_ir
pi05,37,3,recovered_from_ir
pi05,38,3,recovered_from_ir
pi05,39,3,recovered_from_ir
pi05,40,9,recovered_from_ir
pi05,41,3,recovered_from_ir
pi05,42,3,recovered_from_ir
pi05,43,3,recovered_from_ir
pi05,44,9,recovered_from_ir
pi05,45,3,recovered_from_ir
pi05,46,3,recovered_from_ir
pi05,47,3,recovered_from_ir
pi05,48,9,recovered_from_ir
pi05,49,3,recovered_from_ir
pi05,50,3,recovered_from_ir
pi05,51,3,recovered_from_ir
pi05,52,9,recovered_from_ir
pi05,53,3,recovered_from_ir
pi05,54,3,recovered_from_ir
pi05,55,3,recovered_from_ir
pi05,56,9,recovered_from_ir
pi05,57,3,recovered_from_ir
pi05,58,3,recovered_from_ir
pi05,59,3,recovered_from_ir
pi05,60,9,recovered_from_ir
pi05,61,3,recovered_from_ir
pi05,62,3,recovered_from_ir
pi05,63,3,recovered_from_ir
pi05,64,9,recovered_from_ir
pi05,65,3,recovered_from_ir
pi05,66,3,recovered_from_ir
pi05,67,3,recovered_from_ir
pi05,68,9,recovered_from_ir
pi05,69,3,recovered_from_ir
pi05,70,3,recovered_from_ir
pi05,71,3,recovered_from_ir
pi05,72,9,recovered_from_ir
pi05,73,3,recovered_from_ir
pi05,74,3,recovered_from_ir
pi05,75,3,recovered_from_ir
pi05,76,9,recovered_from_ir
pi05,77,3,recovered_from_ir
pi05,78,3,recovered_from_ir
pi05,79,3,recovered_from_ir
pi05,80,9,recovered_from_ir
pi05,81,3,recovered_from_ir
pi05,82,3,recovered_from_ir
pi05,83,3,recovered_from_ir
pi05,84,9,recovered_from_ir
pi05,85,3,recovered_from_ir
pi05,86,3,recovered_from_ir
pi05,87,3,recovered_from_ir
pi05,88,9,recovered_from_ir
pi05,89,3,recovered_from_ir
pi05,90,3,recovered_from_ir
pi05,91,3,recovered_from_ir
pi05,92,9,recovered_from_ir
pi05,93,3,recovered_from_ir
pi05,94,3,recovered_from_ir
pi05,95,3,recovered_from_ir
pi05,96,9,recovered_from_ir
pi05,97,3,recovered_from_ir
pi05,98,3,recovered_from_ir
pi05,99,3,recovered_from_ir
pi05,100,9,recovered_from_ir
pi05,101,3,recovered_from_ir
pi05,102,3,recovered_from_ir
pi05,103,3,recovered_from_ir
pi05,104,9,recovered_from_ir
pi05,105,3,recovered_from_ir
pi05,106,3,recovered_from_ir
pi05,107,3,recovered_from_ir
pi05,108,3,recovered_from_ir
pi05,109,3,recovered_from_ir
pi05,110,2,recovered_from_ir
pi05,111,4,recovered_from_ir
pi05,112,2,recovered_from_ir
pi05,113,6,recovered_from_ir
pi05,114,2,recovered_from_ir
pi05,115,4,recovered_from_ir
pi05,116,2,recovered_from_ir
pi05,117,6,recovered_from_ir
pi05,118,2,recovered_from_ir
pi05,119,4,recovered_from_ir
pi05,120,2,recovered_from_ir
pi05,121,6,recovered_from_ir
pi05,122,2,recovered_from_ir
pi05,123,4,recovered_from_ir
pi05,124,2,recovered_from_ir
pi05,125,6,recovered_from_ir
pi05,126,2,recovered_from_ir
pi05,127,4,recovered_from_ir
pi05,128,2,recovered_from_ir
pi05,129,6,recovered_from_ir
pi05,130,2,recovered_from_ir
pi05,131,4,recovered_from_ir
pi05,132,2,recovered_from_ir
pi05,133,6,recovered_from_ir
pi05,134,2,recovered_from_ir
pi05,135,4,recovered_from_ir
pi05,136,2,recovered_from_ir
pi05,137,6,recovered_from_ir
pi05,138,2,recovered_from_ir
pi05,139,4,recovered_from_ir
pi05,140,2,recovered_from_ir
pi05,141,6,recovered_from_ir
pi05,142,2,recovered_from_ir
pi05,143,4,recovered_from_ir
pi05,144,2,recovered_from_ir
pi05,145,6,recovered_from_ir
pi05,146,2,recovered_from_ir
pi05,147,4,recovered_from_ir
pi05,148,2,recovered_from_ir
pi05,149,6,recovered_from_ir
pi05,150,2,recovered_from_ir
pi05,151,4,recovered_from_ir
pi05,152,2,recovered_from_ir
pi05,153,6,recovered_from_ir
pi05,154,2,recovered_from_ir
pi05,155,4,recovered_from_ir
pi05,156,2,recovered_from_ir
pi05,157,6,recovered_from_ir
pi05,158,2,recovered_from_ir
pi05,159,4,recovered_from_ir
pi05,160,2,recovered_from_ir
pi05,161,6,recovered_from_ir
pi05,162,2,recovered_from_ir
pi05,163,4,recovered_from_ir
pi05,164,2,recovered_from_ir
pi05,165,6,recovered_from_ir
pi05,166,2,recovered_from_ir
pi05,167,4,recovered_from_ir
pi05,168,2,recovered_from_ir
pi05,169,6,recovered_from_ir
pi05,170,2,recovered_from_ir
pi05,171,4,recovered_from_ir
pi05,172,2,recovered_from_ir
pi05,173,6,recovered_from_ir
pi05,174,2,recovered_from_ir
pi05,175,4,recovered_from_ir
pi05,176,2,recovered_from_ir
pi05,177,5,recovered_from_ir
pi05,178,1,recovered_from_ir
pi05,179,2,recovered_from_ir
pi05,180,1,recovered_from_ir
pi05,181,1,recovered_from_ir
xr0,0,3,recovered_from_ir
xr0,1,3,recovered_from_ir
xr0,2,1,recovered_from_ir
xr0,3,1,recovered_from_ir
xr0,4,1,recovered_from_ir
xr0,5,2,recovered_from_ir
xr0,6,1,recovered_from_ir
xr0,7,1,recovered_from_ir
xr0,8,1,recovered_from_ir
xr0,9,2,recovered_from_ir
xr0,10,1,recovered_from_ir
xr0,11,1,recovered_from_ir
xr0,12,1,recovered_from_ir
bitvla,0,10,recovered_from_ir
bitvla,1,2,recovered_from_ir
bitvla,2,3,recovered_from_ir
bitvla,3,2,recovered_from_ir
bitvla,4,4,recovered_from_ir
bitvla,5,2,recovered_from_ir
bitvla,6,3,recovered_from_ir
bitvla,7,2,recovered_from_ir
bitvla,8,2,recovered_from_ir
